timestamp_ms,label,sample_index,gpio2,gpio4,gpio12,gpio13,gpio14,gpio15
342526,neighbors_12_13,0,66,66,4,5,73,66
342546,neighbors_12_13,1,66,66,4,5,73,66
342566,neighbors_12_13,2,66,66,4,5,73,66
342586,neighbors_12_13,3,63,65,29,29,73,64
342606,neighbors_12_13,4,66,66,5,5,73,66
342626,neighbors_12_13,5,63,66,30,30,72,64
342646,neighbors_12_13,6,63,66,30,30,72,64
342666,neighbors_12_13,7,66,66,25,25,72,66
342686,neighbors_12_13,8,66,66,6,6,72,66
342706,neighbors_12_13,9,61,65,32,32,72,63
342726,neighbors_12_13,10,61,65,32,32,72,63
342746,neighbors_12_13,11,61,65,6,6,73,63
342766,neighbors_12_13,12,65,66,23,23,73,66
342786,neighbors_12_13,13,66,65,32,32,72,66
342806,neighbors_12_13,14,66,65,32,32,72,66
342826,neighbors_12_13,15,64,64,32,32,73,64
342846,neighbors_12_13,16,64,66,32,32,73,66
342866,neighbors_12_13,17,65,66,32,32,72,66
342886,neighbors_12_13,18,65,66,32,32,72,66
342906,neighbors_12_13,19,62,64,32,32,72,63
342926,neighbors_12_13,20,65,66,32,32,73,66
342946,neighbors_12_13,21,65,66,32,32,73,66
342966,neighbors_12_13,22,65,66,32,32,73,66
342986,neighbors_12_13,23,64,65,32,32,72,64
343006,neighbors_12_13,24,66,66,6,6,73,66
343026,neighbors_12_13,25,63,65,14,13,73,65
343046,neighbors_12_13,26,63,65,14,13,73,65
343066,neighbors_12_13,27,65,65,6,6,73,66
343086,neighbors_12_13,28,66,66,6,6,73,66
343106,neighbors_12_13,29,62,65,16,16,73,64
343126,neighbors_12_13,30,62,65,16,16,73,64
343146,neighbors_12_13,31,62,64,32,32,73,64
343166,neighbors_12_13,32,64,65,32,32,72,65
343186,neighbors_12_13,33,64,65,32,32,73,65
343206,neighbors_12_13,34,64,65,32,32,73,65
343226,neighbors_12_13,35,64,64,32,32,73,64
343246,neighbors_12_13,36,65,65,32,32,72,65
343266,neighbors_12_13,37,62,65,32,32,72,64
343286,neighbors_12_13,38,62,65,32,32,72,64
343306,neighbors_12_13,39,64,64,32,32,73,64
343326,neighbors_12_13,40,61,65,32,32,72,63
343346,neighbors_12_13,41,62,66,33,33,72,64
343366,neighbors_12_13,42,62,66,33,33,72,64
343386,neighbors_12_13,43,61,64,32,32,73,63
343406,neighbors_12_13,44,62,66,33,33,72,64
343426,neighbors_12_13,45,61,64,33,33,73,64
343446,neighbors_12_13,46,61,64,33,33,73,64
343466,neighbors_12_13,47,63,65,33,33,72,64
343486,neighbors_12_13,48,65,65,33,33,73,65
343506,neighbors_12_13,49,62,65,33,33,73,63
343526,neighbors_12_13,50,62,65,33,33,73,63
343546,neighbors_12_13,51,61,65,24,25,73,63
343566,neighbors_12_13,52,63,65,33,33,73,64
343586,neighbors_12_13,53,62,65,33,33,73,64
343606,neighbors_12_13,54,62,65,33,33,73,64
343626,neighbors_12_13,55,60,64,33,33,72,63
343646,neighbors_12_13,56,62,65,33,33,73,64
343666,neighbors_12_13,57,66,66,33,33,73,66
343686,neighbors_12_13,58,66,66,33,33,73,66
343706,neighbors_12_13,59,63,65,33,33,73,65
343726,neighbors_12_13,60,62,65,33,33,73,64
343746,neighbors_12_13,61,65,65,33,33,73,66
343766,neighbors_12_13,62,65,65,33,33,73,66
343786,neighbors_12_13,63,65,65,21,20,72,66
343806,neighbors_12_13,64,63,65,33,33,73,64
343826,neighbors_12_13,65,64,65,33,33,73,65
343846,neighbors_12_13,66,64,65,33,33,73,65
343866,neighbors_12_13,67,62,64,33,33,72,64
343886,neighbors_12_13,68,64,64,33,33,73,64
343906,neighbors_12_13,69,66,65,33,33,72,66
343926,neighbors_12_13,70,66,65,33,33,72,66
343946,neighbors_12_13,71,64,64,33,33,73,64
343966,neighbors_12_13,72,66,66,20,21,73,67
343986,neighbors_12_13,73,66,65,31,32,72,66
344006,neighbors_12_13,74,66,65,31,32,72,66
344026,neighbors_12_13,75,65,65,29,29,73,66
344046,neighbors_12_13,76,66,65,20,21,73,66
344066,neighbors_12_13,77,63,65,33,33,72,64
344086,neighbors_12_13,78,63,65,33,33,72,64
344106,neighbors_12_13,79,63,63,33,33,73,63
344126,neighbors_12_13,80,63,65,33,33,73,64
344146,neighbors_12_13,81,65,65,32,32,72,66
344166,neighbors_12_13,82,65,65,32,32,72,66
344186,neighbors_12_13,83,65,65,32,32,73,65
344206,neighbors_12_13,84,63,65,33,33,73,65
344226,neighbors_12_13,85,61,64,29,29,73,64
344246,neighbors_12_13,86,61,64,29,29,73,64
344266,neighbors_12_13,87,64,64,32,32,72,64
344286,neighbors_12_13,88,61,64,32,32,73,63
344306,neighbors_12_13,89,61,65,16,15,73,63
344326,neighbors_12_13,90,61,65,16,15,73,63
344346,neighbors_12_13,91,65,65,32,32,72,65
344366,neighbors_12_13,92,61,64,16,15,73,64
344386,neighbors_12_13,93,61,64,21,21,73,64
344406,neighbors_12_13,94,61,64,21,21,73,64
344426,neighbors_12_13,95,65,65,32,32,73,66
344446,neighbors_12_13,96,61,65,8,7,73,63
344466,neighbors_12_13,97,62,65,9,8,73,64
344486,neighbors_12_13,98,62,65,9,8,73,64
344506,neighbors_12_13,99,66,65,11,11,73,66
344526,neighbors_12_13,100,65,65,10,10,73,65
344546,neighbors_12_13,101,65,65,10,10,73,65
344566,neighbors_12_13,102,65,65,10,10,73,65
344586,neighbors_12_13,103,65,65,7,7,73,65
344606,neighbors_12_13,104,65,65,10,9,73,65
344626,neighbors_12_13,105,65,64,10,9,73,65
344646,neighbors_12_13,106,65,64,10,9,73,65
344666,neighbors_12_13,107,65,65,24,23,72,65
344686,neighbors_12_13,108,65,64,10,9,73,65
344706,neighbors_12_13,109,65,65,10,9,73,65
344726,neighbors_12_13,110,65,65,10,9,73,65
344746,neighbors_12_13,111,64,64,7,7,73,64
344766,neighbors_12_13,112,66,65,9,9,73,66
344786,neighbors_12_13,113,64,64,10,9,73,65
344806,neighbors_12_13,114,64,64,10,9,73,65
344826,neighbors_12_13,115,66,66,9,9,73,66
344846,neighbors_12_13,116,64,65,9,9,73,65
344866,neighbors_12_13,117,65,64,10,9,73,65
344886,neighbors_12_13,118,65,64,10,9,73,65
344906,neighbors_12_13,119,62,65,5,5,73,64
344926,neighbors_12_13,120,65,65,14,13,73,65
344946,neighbors_12_13,121,62,65,16,17,73,65
344966,neighbors_12_13,122,62,65,16,17,73,65
344986,neighbors_12_13,123,61,65,9,9,73,63
345006,neighbors_12_13,124,61,64,32,32,73,64
345026,neighbors_12_13,125,65,66,31,31,73,65
345046,neighbors_12_13,126,65,66,31,31,73,65
345066,neighbors_12_13,127,60,64,32,32,73,62
345086,neighbors_12_13,128,61,64,22,22,73,63
345106,neighbors_12_13,129,61,64,9,8,74,63
345126,neighbors_12_13,130,61,64,9,8,74,63
345146,neighbors_12_13,131,61,64,10,9,74,64
345166,neighbors_12_13,132,61,64,12,12,73,64
345186,neighbors_12_13,133,61,65,8,8,73,63
345206,neighbors_12_13,134,61,65,8,8,73,63
345226,neighbors_12_13,135,65,65,8,8,73,65
345246,neighbors_12_13,136,66,66,8,8,73,66
345266,neighbors_12_13,137,66,66,6,5,73,66
345286,neighbors_12_13,138,66,66,6,5,73,66
345306,neighbors_12_13,139,66,65,6,5,73,66
345326,neighbors_12_13,140,64,66,6,5,73,65
345346,neighbors_12_13,141,66,66,9,8,73,66
345366,neighbors_12_13,142,66,66,9,8,73,66
345386,neighbors_12_13,143,66,66,7,6,73,66
345406,neighbors_12_13,144,66,65,9,8,73,66
345426,neighbors_12_13,145,65,65,6,6,73,66
345446,neighbors_12_13,146,65,65,6,6,73,66
345466,neighbors_12_13,147,66,65,6,6,73,66
345486,neighbors_12_13,148,66,65,10,9,73,66
345506,neighbors_12_13,149,66,65,10,9,73,66
345526,neighbors_12_13,150,66,65,6,6,73,66
345546,neighbors_12_13,151,66,66,7,6,73,66
345566,neighbors_12_13,152,61,64,9,8,74,63
345586,neighbors_12_13,153,61,64,9,8,74,63
345606,neighbors_12_13,154,64,64,20,19,73,64
345626,neighbors_12_13,155,63,64,32,32,73,63
345646,neighbors_12_13,156,63,64,19,20,73,64
345666,neighbors_12_13,157,63,64,19,20,73,64
345686,neighbors_12_13,158,66,65,6,6,73,66
345706,neighbors_12_13,159,60,64,30,30,72,63
345726,neighbors_12_13,160,61,64,10,9,73,63
345746,neighbors_12_13,161,61,64,10,9,73,63
345766,neighbors_12_13,162,65,65,9,8,73,66
345786,neighbors_12_13,163,65,65,9,8,73,65
345806,neighbors_12_13,164,65,65,9,8,73,65
345826,neighbors_12_13,165,65,65,9,8,73,65
345846,neighbors_12_13,166,61,64,10,10,74,63
345866,neighbors_12_13,167,64,65,31,32,73,65
345886,neighbors_12_13,168,64,64,31,31,73,65
345906,neighbors_12_13,169,64,64,31,31,73,65
345926,neighbors_12_13,170,63,65,32,32,73,64
345946,neighbors_12_13,171,64,65,32,32,73,65
345966,neighbors_12_13,172,62,64,32,32,73,64
345986,neighbors_12_13,173,62,64,32,32,73,64
346006,neighbors_12_13,174,61,64,32,32,72,63
346026,neighbors_12_13,175,61,65,9,8,73,63
346046,neighbors_12_13,176,62,64,14,13,73,64
346066,neighbors_12_13,177,62,64,14,13,73,64
346086,neighbors_12_13,178,63,65,31,31,73,64
346106,neighbors_12_13,179,61,64,8,9,73,63
346126,neighbors_12_13,180,62,65,32,32,73,64
346146,neighbors_12_13,181,62,65,32,32,73,64
346166,neighbors_12_13,182,65,65,15,15,73,66
346186,neighbors_12_13,183,66,65,6,6,73,66
346206,neighbors_12_13,184,65,65,5,5,73,66
346226,neighbors_12_13,185,65,65,5,5,73,66
346246,neighbors_12_13,186,65,65,5,5,73,65
346266,neighbors_12_13,187,66,65,6,8,73,66
346286,neighbors_12_13,188,65,65,5,5,73,65
346306,neighbors_12_13,189,65,65,5,5,73,65
346326,neighbors_12_13,190,66,65,5,7,73,66
346346,neighbors_12_13,191,65,65,6,8,73,65
346366,neighbors_12_13,192,65,65,5,5,73,65
346386,neighbors_12_13,193,65,65,5,5,73,65
346406,neighbors_12_13,194,64,65,5,7,73,65
346426,neighbors_12_13,195,61,65,6,8,73,63
346446,neighbors_12_13,196,65,66,6,7,73,66
346466,neighbors_12_13,197,65,66,6,7,73,66
346486,neighbors_12_13,198,65,65,5,7,73,65
346506,neighbors_12_13,199,66,65,6,8,73,66
346526,neighbors_12_13,200,66,65,8,11,73,66
346546,neighbors_12_13,201,66,65,8,11,73,66
346566,neighbors_12_13,202,62,65,6,7,73,64
346586,neighbors_12_13,203,65,65,6,7,73,65
346606,neighbors_12_13,204,65,64,6,7,73,65
346626,neighbors_12_13,205,65,64,6,7,73,65
346646,neighbors_12_13,206,65,65,6,7,73,65
346666,neighbors_12_13,207,65,65,6,7,73,65
346686,neighbors_12_13,208,65,65,6,7,73,65
346706,neighbors_12_13,209,65,65,6,7,73,65
346726,neighbors_12_13,210,65,65,6,7,73,66
346746,neighbors_12_13,211,66,66,10,12,72,66
346766,neighbors_12_13,212,65,65,8,10,73,65
346786,neighbors_12_13,213,65,65,8,10,73,65
346806,neighbors_12_13,214,62,65,6,7,73,64
346826,neighbors_12_13,215,66,66,6,7,73,66
346846,neighbors_12_13,216,66,65,5,5,73,66
346866,neighbors_12_13,217,66,65,5,5,73,66
346886,neighbors_12_13,218,66,65,5,5,73,66
346906,neighbors_12_13,219,66,66,7,8,73,66
346926,neighbors_12_13,220,65,65,8,10,73,66
346946,neighbors_12_13,221,65,65,8,10,73,66
346966,neighbors_12_13,222,66,66,5,5,73,66
346986,neighbors_12_13,223,65,65,8,9,73,65
347006,neighbors_12_13,224,66,65,6,8,73,66
347026,neighbors_12_13,225,66,65,6,8,73,66
347046,neighbors_12_13,226,62,65,7,8,73,64
347066,neighbors_12_13,227,65,65,6,6,73,66
347086,neighbors_12_13,228,66,66,6,6,73,66
347106,neighbors_12_13,229,66,66,6,6,73,66
347126,neighbors_12_13,230,66,66,6,6,73,66
347146,neighbors_12_13,231,66,66,7,8,73,66
347166,neighbors_12_13,232,63,66,6,7,73,65
347186,neighbors_12_13,233,63,66,6,7,73,65
347206,neighbors_12_13,234,66,66,5,5,73,66
347226,neighbors_12_13,235,64,65,8,9,73,65
347246,neighbors_12_13,236,62,65,8,9,73,63
347266,neighbors_12_13,237,62,65,8,9,73,63
347286,neighbors_12_13,238,64,65,8,9,73,65
347306,neighbors_12_13,239,61,64,32,32,72,63
347326,neighbors_12_13,240,65,65,9,8,73,66
347346,neighbors_12_13,241,65,65,9,8,73,66
347366,neighbors_12_13,242,66,66,12,7,73,66
347386,neighbors_12_13,243,62,65,13,9,73,63
347406,neighbors_12_13,244,64,66,9,7,73,65
347426,neighbors_12_13,245,64,66,9,7,73,65
347446,neighbors_12_13,246,65,66,9,6,73,65
347466,neighbors_12_13,247,66,66,10,7,73,66
347486,neighbors_12_13,248,66,66,10,7,73,66
347506,neighbors_12_13,249,66,66,10,7,73,66
347526,neighbors_12_13,250,66,66,11,7,73,66
347546,neighbors_12_13,251,65,64,11,6,73,65
347566,neighbors_12_13,252,65,66,13,7,73,66
347586,neighbors_12_13,253,65,66,13,7,73,66
347606,neighbors_12_13,254,63,65,11,7,73,65
347626,neighbors_12_13,255,66,65,9,7,73,66
347646,neighbors_12_13,256,65,65,10,7,73,65
347666,neighbors_12_13,257,65,65,10,7,73,65
347686,neighbors_12_13,258,62,65,9,7,73,63
347706,neighbors_12_13,259,64,66,10,7,73,65
347726,neighbors_12_13,260,66,65,8,7,73,66
347746,neighbors_12_13,261,66,65,8,7,73,66
347766,neighbors_12_13,262,66,65,8,7,73,66
347786,neighbors_12_13,263,61,65,7,7,73,63
347806,neighbors_12_13,264,63,65,9,10,73,64
347826,neighbors_12_13,265,63,65,9,10,73,64
347846,neighbors_12_13,266,65,66,5,5,73,66
347866,neighbors_12_13,267,65,65,5,5,73,66
347886,neighbors_12_13,268,65,65,5,5,73,65
347906,neighbors_12_13,269,65,65,5,5,73,65
347926,neighbors_12_13,270,64,65,6,7,73,65
347946,neighbors_12_13,271,65,65,8,11,73,65
347966,neighbors_12_13,272,65,65,6,8,73,65
347986,neighbors_12_13,273,65,65,6,8,73,65
348006,neighbors_12_13,274,61,65,5,7,73,63
348026,neighbors_12_13,275,66,65,8,11,73,66
348046,neighbors_12_13,276,66,66,6,8,72,66
348066,neighbors_12_13,277,66,66,6,8,72,66
348086,neighbors_12_13,278,61,65,6,9,73,63
348106,neighbors_12_13,279,67,66,6,9,73,67
348126,neighbors_12_13,280,64,66,5,7,73,65
348146,neighbors_12_13,281,64,66,5,7,73,65
348166,neighbors_12_13,282,62,65,8,11,73,63
348186,neighbors_12_13,283,66,66,8,10,73,66
348206,neighbors_12_13,284,65,64,7,8,73,65
348226,neighbors_12_13,285,65,64,7,8,73,65
348246,neighbors_12_13,286,64,66,5,7,73,65
348266,neighbors_12_13,287,66,66,5,5,73,66
348286,neighbors_12_13,288,65,65,7,8,73,65
348306,neighbors_12_13,289,65,65,7,8,73,65
348326,neighbors_12_13,290,64,64,5,5,74,65
348346,neighbors_12_13,291,66,66,5,6,73,66
348366,neighbors_12_13,292,66,65,7,8,73,66
348386,neighbors_12_13,293,66,65,7,8,73,66
348406,neighbors_12_13,294,64,66,6,7,73,65
348426,neighbors_12_13,295,66,66,6,6,73,66
348446,neighbors_12_13,296,64,66,8,9,73,65
348466,neighbors_12_13,297,64,66,8,9,73,65
348486,neighbors_12_13,298,64,64,31,31,73,65
348506,neighbors_12_13,299,64,65,31,31,73,64
348526,neighbors_12_13,300,63,65,29,30,73,64
348546,neighbors_12_13,301,63,65,29,30,73,64
348566,neighbors_12_13,302,64,64,25,26,73,64
348586,neighbors_12_13,303,65,66,31,31,73,66
348606,neighbors_12_13,304,61,64,28,28,73,64
348626,neighbors_12_13,305,61,64,28,28,73,64
348646,neighbors_12_13,306,63,64,32,32,72,64
348666,neighbors_12_13,307,61,64,8,9,73,63
348686,neighbors_12_13,308,61,65,25,26,73,63
348706,neighbors_12_13,309,61,65,25,26,73,63
348726,neighbors_12_13,310,63,65,32,32,72,64
348746,neighbors_12_13,311,61,65,26,26,73,63
348766,neighbors_12_13,312,65,65,32,32,73,66
348786,neighbors_12_13,313,65,65,32,32,73,66
348806,neighbors_12_13,314,62,64,32,32,73,63
348826,neighbors_12_13,315,61,64,10,9,73,63
348846,neighbors_12_13,316,65,65,32,32,73,66
348866,neighbors_12_13,317,65,65,32,32,73,66
348886,neighbors_12_13,318,65,65,6,6,73,65
348906,neighbors_12_13,319,64,66,6,6,73,65
348926,neighbors_12_13,320,66,66,6,6,73,66
348946,neighbors_12_13,321,66,66,6,6,73,66
348966,neighbors_12_13,322,61,64,5,6,73,63
348986,neighbors_12_13,323,66,66,6,6,73,66
349006,neighbors_12_13,324,66,66,6,7,73,66
349026,neighbors_12_13,325,66,66,6,7,73,66
349046,neighbors_12_13,326,64,64,6,7,73,64
349066,neighbors_12_13,327,66,65,6,6,73,66
349086,neighbors_12_13,328,66,66,6,6,73,66
349106,neighbors_12_13,329,66,66,6,6,73,66
349126,neighbors_12_13,330,61,64,6,7,73,63
349146,neighbors_12_13,331,64,65,8,10,73,65
349166,neighbors_12_13,332,66,66,5,5,73,66
349186,neighbors_12_13,333,66,66,5,5,73,66
349206,neighbors_12_13,334,61,64,13,15,73,63
349226,neighbors_12_13,335,65,65,8,10,73,65
349246,neighbors_12_13,336,66,65,9,11,73,66
349266,neighbors_12_13,337,66,65,9,11,73,66
349286,neighbors_12_13,338,65,65,8,10,73,66
349306,neighbors_12_13,339,65,65,7,8,73,66
349326,neighbors_12_13,340,61,65,6,7,73,63
349346,neighbors_12_13,341,61,65,6,7,73,63
349366,neighbors_12_13,342,61,64,5,5,73,63
349386,neighbors_12_13,343,66,65,6,7,73,66
349406,neighbors_12_13,344,66,65,6,6,73,66
349426,neighbors_12_13,345,66,65,6,6,73,66
349446,neighbors_12_13,346,64,65,6,6,74,65
349466,neighbors_12_13,347,66,65,6,6,73,66
349486,neighbors_12_13,348,66,65,7,8,73,66
349506,neighbors_12_13,349,66,65,7,8,73,66
349526,neighbors_12_13,350,66,66,6,6,73,66
349546,neighbors_12_13,351,65,65,8,9,73,66
349566,neighbors_12_13,352,65,65,5,5,73,66
349586,neighbors_12_13,353,65,65,5,5,73,66
349606,neighbors_12_13,354,61,64,5,5,73,63
349626,neighbors_12_13,355,65,65,5,5,73,66
349646,neighbors_12_13,356,66,65,6,7,73,66
349666,neighbors_12_13,357,66,65,6,7,73,66
349686,neighbors_12_13,358,61,65,5,5,73,63
349706,neighbors_12_13,359,66,65,5,5,73,66
349726,neighbors_12_13,360,66,65,6,7,73,66
349746,neighbors_12_13,361,66,65,6,7,73,66
349766,neighbors_12_13,362,64,64,5,5,73,64
349786,neighbors_12_13,363,66,65,5,5,73,66
349806,neighbors_12_13,364,65,65,7,8,73,65
349826,neighbors_12_13,365,65,65,7,8,73,65
349846,neighbors_12_13,366,61,64,6,7,73,63
349866,neighbors_12_13,367,66,65,6,7,73,66
349886,neighbors_12_13,368,65,65,7,8,73,65
349906,neighbors_12_13,369,65,65,7,8,73,65
349926,neighbors_12_13,370,65,65,6,7,72,66
349946,neighbors_12_13,371,65,65,6,7,73,65
349966,neighbors_12_13,372,65,66,7,8,73,66
349986,neighbors_12_13,373,65,66,7,8,73,66
350006,neighbors_12_13,374,64,64,6,7,73,64
350026,neighbors_12_13,375,66,65,6,7,73,66
350046,neighbors_12_13,376,65,65,6,7,73,66
350066,neighbors_12_13,377,65,65,6,7,73,66
350086,neighbors_12_13,378,62,65,6,8,73,64
350106,neighbors_12_13,379,66,66,9,11,73,66
350126,neighbors_12_13,380,65,65,7,8,73,66
350146,neighbors_12_13,381,65,65,7,8,73,66
350166,neighbors_12_13,382,66,66,6,7,73,66
350186,neighbors_12_13,383,65,65,6,7,73,65
350206,neighbors_12_13,384,65,65,9,11,73,66
350226,neighbors_12_13,385,65,65,9,11,73,66
350246,neighbors_12_13,386,63,65,6,7,74,64
350266,neighbors_12_13,387,65,65,6,7,73,65
350286,neighbors_12_13,388,66,65,8,9,73,66
350306,neighbors_12_13,389,66,65,8,9,73,66
350326,neighbors_12_13,390,61,65,6,7,73,63
350346,neighbors_12_13,391,66,65,6,7,73,66
350366,neighbors_12_13,392,66,66,6,7,73,66
350386,neighbors_12_13,393,66,66,6,7,73,66
350406,neighbors_12_13,394,65,64,5,5,74,65
350426,neighbors_12_13,395,66,65,7,8,73,66
350446,neighbors_12_13,396,65,65,6,7,73,65
350466,neighbors_12_13,397,65,65,6,7,73,65
350486,neighbors_12_13,398,61,64,9,10,74,64
350506,neighbors_12_13,399,66,65,5,5,73,66
350526,neighbors_12_13,400,65,65,7,8,73,65
350546,neighbors_12_13,401,65,65,7,8,73,65
350566,neighbors_12_13,402,65,64,9,11,73,65
350586,neighbors_12_13,403,66,65,6,7,73,66
350606,neighbors_12_13,404,66,65,6,7,73,66
350626,neighbors_12_13,405,66,65,6,7,73,66
350646,neighbors_12_13,406,66,66,5,5,73,66
350666,neighbors_12_13,407,66,65,5,5,73,66
350686,neighbors_12_13,408,64,65,9,11,73,65
350706,neighbors_12_13,409,64,65,9,11,73,65
350726,neighbors_12_13,410,61,64,6,7,74,63
350746,neighbors_12_13,411,66,65,7,8,73,66
350766,neighbors_12_13,412,64,65,8,9,73,65
350786,neighbors_12_13,413,64,65,8,9,73,65
350806,neighbors_12_13,414,65,65,7,8,73,66
350826,neighbors_12_13,415,66,65,7,8,73,66
350846,neighbors_12_13,416,65,65,7,8,73,66
350866,neighbors_12_13,417,65,65,7,8,73,66
350886,neighbors_12_13,418,61,64,7,8,73,62
350906,neighbors_12_13,419,66,65,7,8,73,66
350926,neighbors_12_13,420,65,66,6,6,73,66
350946,neighbors_12_13,421,65,66,6,6,73,66
350966,neighbors_12_13,422,63,64,8,9,74,64
350986,neighbors_12_13,423,66,66,6,6,73,66
351006,neighbors_12_13,424,66,66,8,9,73,66
351026,neighbors_12_13,425,66,66,8,9,73,66
351046,neighbors_12_13,426,63,65,10,11,73,65
351066,neighbors_12_13,427,66,65,33,33,72,66
351086,neighbors_12_13,428,66,66,33,33,72,66
351106,neighbors_12_13,429,66,66,33,33,72,66
351126,neighbors_12_13,430,63,65,6,6,73,64
351146,neighbors_12_13,431,61,64,10,9,73,63
351166,neighbors_12_13,432,66,66,7,7,73,66
351186,neighbors_12_13,433,66,66,7,7,73,66
351206,neighbors_12_13,434,66,66,9,8,73,66
351226,neighbors_12_13,435,66,65,8,7,73,66
351246,neighbors_12_13,436,61,65,8,7,73,63
351266,neighbors_12_13,437,61,65,8,7,73,63
351286,neighbors_12_13,438,65,65,8,7,73,66
351306,neighbors_12_13,439,66,65,8,7,73,66
351326,neighbors_12_13,440,64,65,9,8,73,65
351346,neighbors_12_13,441,64,65,9,8,73,65
351366,neighbors_12_13,442,61,64,66,19,73,63
351386,neighbors_12_13,443,65,65,11,7,73,66
351406,neighbors_12_13,444,64,65,8,6,73,65
351426,neighbors_12_13,445,64,65,8,6,73,65
351446,neighbors_12_13,446,65,65,5,5,73,65
351466,neighbors_12_13,447,65,65,8,6,73,66
351486,neighbors_12_13,448,66,65,9,8,73,66
351506,neighbors_12_13,449,66,65,9,8,73,66
351526,neighbors_12_13,450,62,64,7,7,73,64
351546,neighbors_12_13,451,62,65,8,7,73,64
351566,neighbors_12_13,452,65,65,8,7,73,66
351586,neighbors_12_13,453,65,65,8,7,73,66
351606,neighbors_12_13,454,61,64,25,26,72,63
351626,neighbors_12_13,455,65,65,6,8,73,66
351646,neighbors_12_13,456,61,65,20,59,73,61
351666,neighbors_12_13,457,61,65,20,59,73,61
351686,neighbors_12_13,458,63,63,20,59,73,63
351706,neighbors_12_13,459,61,64,20,59,73,64
351726,neighbors_12_13,460,63,65,20,59,73,64
351746,neighbors_12_13,461,63,65,20,59,73,64
351766,neighbors_12_13,462,66,65,7,10,73,66
351786,neighbors_12_13,463,64,65,6,9,73,65
351806,neighbors_12_13,464,66,66,7,8,73,66
351826,neighbors_12_13,465,66,66,7,8,73,66
351846,neighbors_12_13,466,65,65,8,11,73,65
351866,neighbors_12_13,467,66,66,8,12,73,66
351886,neighbors_12_13,468,65,65,7,9,73,65
351906,neighbors_12_13,469,65,65,7,9,73,65
351926,neighbors_12_13,470,65,65,8,13,74,65
351946,neighbors_12_13,471,66,65,8,11,73,66
351966,neighbors_12_13,472,65,65,14,29,73,66
351986,neighbors_12_13,473,65,65,14,29,73,66
352006,neighbors_12_13,474,65,65,6,8,73,65
352026,neighbors_12_13,475,61,64,7,8,73,63
352046,neighbors_12_13,476,64,65,27,27,73,65
352066,neighbors_12_13,477,64,65,27,27,73,65
352086,neighbors_12_13,478,61,64,32,32,73,64
352106,neighbors_12_13,479,62,65,32,32,73,63
352126,neighbors_12_13,480,62,65,32,32,73,63
352146,neighbors_12_13,481,65,65,32,32,73,65
352166,neighbors_12_13,482,64,65,33,33,72,64
352186,neighbors_12_13,483,64,63,33,33,73,64
352206,neighbors_12_13,484,64,63,33,33,73,64
352226,neighbors_12_13,485,64,64,33,33,73,64
352246,neighbors_12_13,486,64,64,32,32,73,64
352266,neighbors_12_13,487,62,64,32,31,72,64
352286,neighbors_12_13,488,62,64,32,31,72,64
352306,neighbors_12_13,489,63,65,32,32,73,64
352326,neighbors_12_13,490,65,65,32,32,73,65
352346,neighbors_12_13,491,62,64,15,14,73,63
352366,neighbors_12_13,492,62,64,15,14,73,63
352386,neighbors_12_13,493,63,64,32,32,73,63
352406,neighbors_12_13,494,65,65,21,21,73,66
352426,neighbors_12_13,495,64,64,31,31,73,65
352446,neighbors_12_13,496,64,64,31,31,73,65
352466,neighbors_12_13,497,65,66,21,21,73,65
352486,neighbors_12_13,498,65,65,32,32,73,65
352506,neighbors_12_13,499,66,66,21,20,73,66
352526,neighbors_12_13,500,66,66,21,20,73,66
352546,neighbors_12_13,501,64,65,32,32,73,64
352566,neighbors_12_13,502,64,65,30,31,73,65
352586,neighbors_12_13,503,64,64,32,32,73,64
352606,neighbors_12_13,504,64,64,32,32,73,64
352626,neighbors_12_13,505,62,65,7,7,73,64
352646,neighbors_12_13,506,65,65,6,6,73,66
352666,neighbors_12_13,507,65,65,6,6,73,66
352686,neighbors_12_13,508,65,65,6,6,73,66
352706,neighbors_12_13,509,65,65,6,6,73,66
352726,neighbors_12_13,510,65,65,6,6,73,66
352746,neighbors_12_13,511,66,65,6,6,73,66
352766,neighbors_12_13,512,66,65,6,6,73,66
352786,neighbors_12_13,513,61,64,18,18,73,64
352806,neighbors_12_13,514,62,65,32,32,72,64
352826,neighbors_12_13,515,62,64,33,33,73,63
352846,neighbors_12_13,516,62,64,33,33,73,63
352866,neighbors_12_13,517,66,66,33,33,72,66
352886,neighbors_12_13,518,62,64,33,33,73,63
352906,neighbors_12_13,519,62,64,33,33,73,63
352926,neighbors_12_13,520,62,64,33,33,73,63
352946,neighbors_12_13,521,61,64,32,32,73,63
352966,neighbors_12_13,522,65,65,6,7,73,66
352986,neighbors_12_13,523,61,65,6,6,73,63
353006,neighbors_12_13,524,61,65,6,6,73,63
353026,neighbors_12_13,525,66,65,9,9,73,66
353046,neighbors_12_13,526,66,65,6,6,73,66
353066,neighbors_12_13,527,66,65,6,6,73,66
353086,neighbors_12_13,528,66,65,6,6,73,66
353106,neighbors_12_13,529,61,64,7,8,73,63
353126,neighbors_12_13,530,65,65,6,6,73,66
353146,neighbors_12_13,531,64,65,7,8,73,65
353166,neighbors_12_13,532,64,65,7,8,73,65
353186,neighbors_12_13,533,61,64,7,7,73,63
353206,neighbors_12_13,534,61,64,7,8,73,63
353226,neighbors_12_13,535,65,65,6,8,73,65
353246,neighbors_12_13,536,65,65,6,8,73,65
353266,neighbors_12_13,537,61,65,6,8,73,63
353286,neighbors_12_13,538,66,65,9,11,73,66
353306,neighbors_12_13,539,66,66,7,8,73,66
353326,neighbors_12_13,540,66,66,7,8,73,66
353346,neighbors_12_13,541,62,65,7,8,74,64
353366,neighbors_12_13,542,65,65,6,8,73,65
353386,neighbors_12_13,543,64,65,6,7,73,65
353406,neighbors_12_13,544,64,65,6,7,73,65
353426,neighbors_12_13,545,60,64,8,9,74,63
353446,neighbors_12_13,546,61,64,10,12,73,63
353466,neighbors_12_13,547,61,65,6,8,73,63
353486,neighbors_12_13,548,61,65,6,8,73,63
353506,neighbors_12_13,549,66,65,7,8,73,66
353526,neighbors_12_13,550,66,65,6,8,73,66
353546,neighbors_12_13,551,62,65,7,8,73,63
353566,neighbors_12_13,552,62,65,7,8,73,63
353586,neighbors_12_13,553,64,65,5,5,73,64
353606,neighbors_12_13,554,61,65,7,8,73,63
353626,neighbors_12_13,555,62,64,7,8,73,64
353646,neighbors_12_13,556,62,64,7,8,73,64
353666,neighbors_12_13,557,60,64,7,8,73,63
353686,neighbors_12_13,558,61,64,6,8,73,63
353706,neighbors_12_13,559,61,64,6,8,73,63
353726,neighbors_12_13,560,61,64,6,8,73,63
353746,neighbors_12_13,561,64,63,5,5,73,64
353766,neighbors_12_13,562,61,64,5,5,73,63
353786,neighbors_12_13,563,61,64,10,12,73,63
353806,neighbors_12_13,564,61,64,10,12,73,63
353826,neighbors_12_13,565,65,65,7,8,73,66
353846,neighbors_12_13,566,61,64,10,12,73,63
353866,neighbors_12_13,567,61,64,6,7,73,63
353886,neighbors_12_13,568,61,64,6,7,73,63
353906,neighbors_12_13,569,61,64,8,9,73,63
353926,neighbors_12_13,570,64,66,9,9,73,65
353946,neighbors_12_13,571,64,64,33,33,73,64
353966,neighbors_12_13,572,64,64,33,33,73,64
353986,neighbors_12_13,573,60,64,33,33,73,62
354006,neighbors_12_13,574,65,65,6,7,73,65
354026,neighbors_12_13,575,66,65,6,6,73,66
354046,neighbors_12_13,576,66,65,6,6,73,66
354066,neighbors_12_13,577,64,65,7,8,73,65
354086,neighbors_12_13,578,62,65,7,8,73,63
354106,neighbors_12_13,579,61,64,7,8,73,63
354126,neighbors_12_13,580,61,64,7,8,73,63
354146,neighbors_12_13,581,61,65,6,7,74,64
354166,neighbors_12_13,582,66,65,6,7,73,66
354186,neighbors_12_13,583,61,65,6,6,73,63
354206,neighbors_12_13,584,61,65,6,6,73,63
354226,neighbors_12_13,585,66,65,6,6,74,66
354246,neighbors_12_13,586,61,65,6,6,73,63
354266,neighbors_12_13,587,66,66,6,6,73,66
354286,neighbors_12_13,588,66,66,6,6,73,66
354306,neighbors_12_13,589,60,64,32,32,73,62
354326,neighbors_12_13,590,61,64,22,22,73,63
354346,neighbors_12_13,591,61,64,8,7,73,63
354366,neighbors_12_13,592,61,64,8,7,73,63
354386,neighbors_12_13,593,65,65,7,6,73,65
354406,neighbors_12_13,594,61,64,8,7,73,63
354426,neighbors_12_13,595,61,64,8,7,74,63
354446,neighbors_12_13,596,61,64,8,7,74,63
354466,neighbors_12_13,597,64,66,8,7,73,65
354486,neighbors_12_13,598,61,64,8,8,74,63
354506,neighbors_12_13,599,61,64,8,8,73,63
354526,neighbors_12_13,600,61,64,8,8,73,63
354546,neighbors_12_13,601,62,64,16,16,73,64
354566,neighbors_12_13,602,61,64,26,26,73,63
354586,neighbors_12_13,603,61,64,14,13,74,64
354606,neighbors_12_13,604,61,64,14,13,74,64
354626,neighbors_12_13,605,60,64,7,6,74,63
354646,neighbors_12_13,606,65,64,9,8,73,65
354666,neighbors_12_13,607,65,65,7,6,73,65
354686,neighbors_12_13,608,65,65,7,6,73,65
354706,neighbors_12_13,609,61,65,7,6,74,63
354726,neighbors_12_13,610,65,65,7,6,73,66
354746,neighbors_12_13,611,65,65,7,6,73,66
354766,neighbors_12_13,612,65,65,7,6,73,66
354786,neighbors_12_13,613,65,64,8,7,73,65
354806,neighbors_12_13,614,65,65,12,10,73,65
354826,neighbors_12_13,615,64,64,8,7,73,65
354846,neighbors_12_13,616,64,64,8,7,73,65
354866,neighbors_12_13,617,65,64,9,8,73,65
354886,neighbors_12_13,618,64,64,8,7,74,65
354906,neighbors_12_13,619,65,65,7,6,73,65
354926,neighbors_12_13,620,65,65,7,6,73,65
354946,neighbors_12_13,621,65,65,18,17,73,65
354966,neighbors_12_13,622,61,64,8,7,73,63
354986,neighbors_12_13,623,64,65,9,9,73,64
355006,neighbors_12_13,624,64,65,9,9,73,64
355026,neighbors_12_13,625,61,64,8,7,73,63
355046,neighbors_12_13,626,61,64,8,7,73,63
355066,neighbors_12_13,627,61,65,9,8,73,63
355086,neighbors_12_13,628,61,65,9,8,73,63
355106,neighbors_12_13,629,61,64,8,7,73,63
355126,neighbors_12_13,630,61,65,13,12,73,63
355146,neighbors_12_13,631,61,65,13,12,73,63
355166,neighbors_12_13,632,64,65,8,7,73,65
355186,neighbors_12_13,633,61,65,9,8,73,63
355206,neighbors_12_13,634,61,64,9,8,73,63
355226,neighbors_12_13,635,61,64,9,8,73,63
355246,neighbors_12_13,636,64,66,8,8,73,65
355266,neighbors_12_13,637,64,65,8,8,73,65
355286,neighbors_12_13,638,61,65,17,16,73,63
355306,neighbors_12_13,639,61,65,17,16,73,63
355326,neighbors_12_13,640,66,65,8,7,73,66
355346,neighbors_12_13,641,63,65,9,8,73,65
355366,neighbors_12_13,642,65,65,6,6,74,66
355386,neighbors_12_13,643,65,65,6,6,74,66
355406,neighbors_12_13,644,66,65,6,6,73,66
355426,neighbors_12_13,645,65,65,6,6,73,65
355446,neighbors_12_13,646,61,64,14,12,73,63
355466,neighbors_12_13,647,61,64,14,12,73,63
355486,neighbors_12_13,648,61,65,8,7,73,63
355506,neighbors_12_13,649,61,65,14,13,73,63
355526,neighbors_12_13,650,65,65,7,7,73,65
355546,neighbors_12_13,651,65,65,7,7,73,65
355566,neighbors_12_13,652,66,66,7,6,73,66
355586,neighbors_12_13,653,65,65,7,7,73,65
355606,neighbors_12_13,654,61,64,13,12,73,63
355626,neighbors_12_13,655,61,64,13,12,73,63
355646,neighbors_12_13,656,61,65,8,7,73,63
355666,neighbors_12_13,657,61,65,13,12,73,63
355686,neighbors_12_13,658,61,65,10,9,73,63
355706,neighbors_12_13,659,61,65,10,9,73,63
355726,neighbors_12_13,660,62,65,9,8,73,64
355746,neighbors_12_13,661,61,65,9,8,73,63
355766,neighbors_12_13,662,64,66,9,8,73,65
355786,neighbors_12_13,663,64,66,9,8,73,65
355806,neighbors_12_13,664,61,65,9,8,73,63
355826,neighbors_12_13,665,65,65,10,10,73,66
355846,neighbors_12_13,666,64,64,21,20,73,64
355866,neighbors_12_13,667,64,64,21,20,73,64
355886,neighbors_12_13,668,65,65,10,9,73,65
355906,neighbors_12_13,669,61,65,7,7,73,63
355926,neighbors_12_13,670,66,65,9,8,73,66
355946,neighbors_12_13,671,66,65,9,8,73,66
355966,neighbors_12_13,672,66,65,8,7,73,66
355986,neighbors_12_13,673,66,65,9,8,73,66
356006,neighbors_12_13,674,66,65,8,7,73,66
356026,neighbors_12_13,675,66,65,8,7,73,66
356046,neighbors_12_13,676,66,65,6,6,73,66
356066,neighbors_12_13,677,66,65,8,7,73,66
356086,neighbors_12_13,678,62,65,6,6,73,64
356106,neighbors_12_13,679,62,65,6,6,73,64
356126,neighbors_12_13,680,64,66,8,7,73,65
356146,neighbors_12_13,681,61,64,13,12,73,63
356166,neighbors_12_13,682,62,65,8,7,74,64
356186,neighbors_12_13,683,62,65,8,7,74,64
356206,neighbors_12_13,684,61,64,8,7,73,63
356226,neighbors_12_13,685,61,64,9,8,73,63
356246,neighbors_12_13,686,61,64,8,7,74,63
356266,neighbors_12_13,687,61,64,8,7,74,63
356286,neighbors_12_13,688,61,64,8,7,74,63
356306,neighbors_12_13,689,64,64,13,12,73,65
356326,neighbors_12_13,690,65,65,8,7,73,66
356346,neighbors_12_13,691,65,65,8,7,73,66
356366,neighbors_12_13,692,61,64,8,7,73,63
356386,neighbors_12_13,693,61,64,14,13,74,63
356406,neighbors_12_13,694,61,65,8,7,74,63
356426,neighbors_12_13,695,61,65,8,7,74,63
356446,neighbors_12_13,696,62,65,8,7,74,63
356466,neighbors_12_13,697,65,65,32,32,72,65
356486,neighbors_12_13,698,64,64,33,33,73,64
356506,neighbors_12_13,699,64,64,33,33,73,64
356526,neighbors_12_13,700,61,64,33,33,73,63
356546,neighbors_12_13,701,61,65,7,8,74,63
356566,neighbors_12_13,702,61,64,32,33,73,64
356586,neighbors_12_13,703,61,64,32,33,73,64
356606,neighbors_12_13,704,60,64,7,7,73,63
356626,neighbors_12_13,705,61,64,7,7,73,63
356646,neighbors_12_13,706,61,64,6,6,73,63
356666,neighbors_12_13,707,61,64,6,6,73,63
356686,neighbors_12_13,708,63,63,8,9,74,63
356706,neighbors_12_13,709,61,64,6,6,73,63
356726,neighbors_12_13,710,61,64,7,7,73,63
356746,neighbors_12_13,711,61,64,7,7,73,63
356766,neighbors_12_13,712,61,64,11,11,73,64
356786,neighbors_12_13,713,61,64,7,7,73,63
356806,neighbors_12_13,714,61,64,7,7,73,63
356826,neighbors_12_13,715,61,64,7,7,73,63
356846,neighbors_12_13,716,64,64,7,8,73,65
356866,neighbors_12_13,717,60,64,33,33,72,63
356886,neighbors_12_13,718,61,65,33,33,72,63
356906,neighbors_12_13,719,61,65,33,33,72,63
356926,neighbors_12_13,720,61,64,11,10,73,63
356946,neighbors_12_13,721,65,64,9,8,73,65
356966,neighbors_12_13,722,64,64,14,13,73,64
356986,neighbors_12_13,723,64,64,14,13,73,64
357006,neighbors_12_13,724,61,64,9,8,73,63
357026,neighbors_12_13,725,65,65,10,9,73,65
357046,neighbors_12_13,726,65,64,9,8,73,65
357066,neighbors_12_13,727,65,64,9,8,73,65
357086,neighbors_12_13,728,64,64,13,12,73,64
357106,neighbors_12_13,729,64,63,16,15,73,64
357126,neighbors_12_13,730,65,65,10,9,73,65
357146,neighbors_12_13,731,65,65,10,9,73,65
357166,neighbors_12_13,732,63,65,9,8,73,64
357186,neighbors_12_13,733,65,65,10,9,74,65
357206,neighbors_12_13,734,65,64,9,8,73,65
357226,neighbors_12_13,735,65,64,9,8,73,65
357246,neighbors_12_13,736,65,64,10,9,73,65
357266,neighbors_12_13,737,64,64,10,9,73,65
357286,neighbors_12_13,738,64,63,18,18,73,64
357306,neighbors_12_13,739,64,63,18,18,73,64
357326,neighbors_12_13,740,65,64,23,24,73,65
357346,neighbors_12_13,741,61,64,8,8,74,63
357366,neighbors_12_13,742,62,65,11,11,74,63
357386,neighbors_12_13,743,62,65,11,11,74,63
357406,neighbors_12_13,744,62,65,8,9,73,63
357426,neighbors_12_13,745,61,64,8,8,74,63
357446,neighbors_12_13,746,66,65,14,15,73,66
357466,neighbors_12_13,747,66,65,14,15,73,66
357486,neighbors_12_13,748,63,64,33,33,72,65
357506,neighbors_12_13,749,61,64,12,12,74,64
357526,neighbors_12_13,750,65,65,8,9,73,66
357546,neighbors_12_13,751,65,65,8,9,73,66
357566,neighbors_12_13,752,61,64,34,34,72,64
357586,neighbors_12_13,753,61,64,34,34,72,63
357606,neighbors_12_13,754,61,64,34,34,72,63
357626,neighbors_12_13,755,61,64,34,34,72,63
357646,neighbors_12_13,756,64,65,33,33,72,64
357666,neighbors_12_13,757,63,63,14,13,73,64
357686,neighbors_12_13,758,64,65,9,8,73,64
357706,neighbors_12_13,759,64,65,9,8,73,64
357726,neighbors_12_13,760,66,66,8,7,72,66
357746,neighbors_12_13,761,61,65,9,8,73,63
357766,neighbors_12_13,762,65,65,10,9,73,65
357786,neighbors_12_13,763,65,65,10,9,73,65
357806,neighbors_12_13,764,61,65,9,8,73,63
357826,neighbors_12_13,765,61,64,8,7,73,63
357846,neighbors_12_13,766,64,64,11,11,73,65
357866,neighbors_12_13,767,64,64,11,11,73,65
357886,neighbors_12_13,768,63,63,25,24,73,64
357906,neighbors_12_13,769,64,64,29,29,73,64
357926,neighbors_12_13,770,65,65,9,8,74,65
357946,neighbors_12_13,771,65,65,9,8,74,65
357966,neighbors_12_13,772,63,63,13,13,73,63
357986,neighbors_12_13,773,64,65,21,20,73,65
358006,neighbors_12_13,774,64,64,10,10,74,65
358026,neighbors_12_13,775,64,64,10,10,74,65
358046,neighbors_12_13,776,64,64,9,8,74,65
358066,neighbors_12_13,777,61,64,8,7,73,63
358086,neighbors_12_13,778,61,65,8,7,73,63
358106,neighbors_12_13,779,61,65,8,7,73,63
358126,neighbors_12_13,780,61,64,8,7,73,63
358146,neighbors_12_13,781,65,65,7,6,73,66
358166,neighbors_12_13,782,66,65,7,6,73,66
358186,neighbors_12_13,783,66,65,7,6,73,66
358206,neighbors_12_13,784,63,63,13,12,73,64
358226,neighbors_12_13,785,65,65,9,8,73,65
358246,neighbors_12_13,786,65,65,9,9,73,66
358266,neighbors_12_13,787,65,65,9,9,73,66
358286,neighbors_12_13,788,61,65,5,5,74,63
358306,neighbors_12_13,789,64,65,13,12,73,65
358326,neighbors_12_13,790,65,65,18,17,72,65
358346,neighbors_12_13,791,65,65,18,17,72,65
358366,neighbors_12_13,792,65,66,9,8,73,66
358386,neighbors_12_13,793,61,64,8,7,74,63
358406,neighbors_12_13,794,65,65,11,11,73,66
358426,neighbors_12_13,795,65,65,11,11,73,66
358446,neighbors_12_13,796,64,65,30,29,72,65
358466,neighbors_12_13,797,62,65,8,7,74,64
358486,neighbors_12_13,798,64,64,8,7,73,65
358506,neighbors_12_13,799,64,64,8,7,73,65
358526,neighbors_12_13,800,65,65,9,8,73,65
358546,neighbors_12_13,801,65,65,15,14,73,65
358566,neighbors_12_13,802,65,65,12,11,73,66
358586,neighbors_12_13,803,65,65,12,11,73,66
358606,neighbors_12_13,804,62,65,18,17,73,64
358626,neighbors_12_13,805,65,65,7,6,73,66
358646,neighbors_12_13,806,65,65,7,6,73,65
358666,neighbors_12_13,807,65,65,7,6,73,65
358686,neighbors_12_13,808,65,65,11,9,72,65
358706,neighbors_12_13,809,64,65,7,6,73,65
358726,neighbors_12_13,810,63,65,11,9,73,65
358746,neighbors_12_13,811,63,65,11,9,73,65
358766,neighbors_12_13,812,63,65,12,10,73,64
358786,neighbors_12_13,813,61,65,5,5,73,63
358806,neighbors_12_13,814,65,65,7,6,73,66
358826,neighbors_12_13,815,65,65,7,6,73,66
358846,neighbors_12_13,816,62,65,11,11,73,64
358866,neighbors_12_13,817,65,65,10,9,73,65
358886,neighbors_12_13,818,64,64,30,29,73,64
358906,neighbors_12_13,819,64,64,30,29,73,64
358926,neighbors_12_13,820,63,64,13,12,73,64
358946,neighbors_12_13,821,64,64,32,32,73,64
358966,neighbors_12_13,822,62,65,9,8,73,64
358986,neighbors_12_13,823,62,65,9,8,73,64
359006,neighbors_12_13,824,64,65,9,8,73,64
359026,neighbors_12_13,825,61,64,8,7,74,63
359046,neighbors_12_13,826,61,64,8,7,73,63
359066,neighbors_12_13,827,61,64,8,7,73,63
359086,neighbors_12_13,828,63,65,18,17,73,65
359106,neighbors_12_13,829,61,64,24,23,73,63
359126,neighbors_12_13,830,61,64,32,32,73,63
359146,neighbors_12_13,831,61,64,32,32,73,63
359166,neighbors_12_13,832,64,65,32,32,72,64
359186,neighbors_12_13,833,64,64,32,32,73,64
359206,neighbors_12_13,834,64,63,18,18,73,64
359226,neighbors_12_13,835,64,63,18,18,73,64
359246,neighbors_12_13,836,62,64,33,33,72,65
359266,neighbors_12_13,837,61,65,7,7,73,63
359286,neighbors_12_13,838,65,65,6,7,74,66
359306,neighbors_12_13,839,65,65,6,7,74,66
359326,neighbors_12_13,840,64,65,6,6,73,65
359346,neighbors_12_13,841,61,65,7,7,73,63
359366,neighbors_12_13,842,66,66,7,8,73,66
359386,neighbors_12_13,843,66,66,7,8,73,66
359406,neighbors_12_13,844,61,64,6,7,74,63
359426,neighbors_12_13,845,66,65,7,8,73,66
359446,neighbors_12_13,846,66,65,7,8,73,66
359466,neighbors_12_13,847,66,65,7,8,73,66
359486,neighbors_12_13,848,66,65,6,7,72,66
359506,neighbors_12_13,849,66,66,7,8,73,66
359526,neighbors_12_13,850,61,65,15,17,73,63
359546,neighbors_12_13,851,61,65,15,17,73,63
359566,neighbors_12_13,852,62,65,12,13,73,64
359586,neighbors_12_13,853,61,64,6,6,74,63
359606,neighbors_12_13,854,65,65,7,8,73,66
359626,neighbors_12_13,855,65,65,7,8,73,66
359646,neighbors_12_13,856,62,65,6,6,73,63
359666,neighbors_12_13,857,61,65,6,6,73,63
359686,neighbors_12_13,858,65,65,6,6,73,66
359706,neighbors_12_13,859,65,65,6,6,73,66
359726,neighbors_12_13,860,65,65,7,8,73,65
359746,neighbors_12_13,861,61,65,8,9,73,63
359766,neighbors_12_13,862,66,65,7,8,73,66
359786,neighbors_12_13,863,66,65,7,8,73,66
359806,neighbors_12_13,864,62,65,6,6,73,64
359826,neighbors_12_13,865,61,65,5,6,73,63
359846,neighbors_12_13,866,66,66,5,5,73,66
359866,neighbors_12_13,867,66,66,5,5,73,66
359886,neighbors_12_13,868,62,65,6,6,73,64
359906,neighbors_12_13,869,61,65,13,14,73,63
359926,neighbors_12_13,870,66,65,6,6,73,66
359946,neighbors_12_13,871,66,65,6,6,73,66
359966,neighbors_12_13,872,61,65,7,8,73,63
359986,neighbors_12_13,873,61,65,6,6,74,63
360006,neighbors_12_13,874,61,65,7,8,73,63
360026,neighbors_12_13,875,61,65,7,8,73,63
360046,neighbors_12_13,876,61,65,7,7,73,63
360066,neighbors_12_13,877,61,65,6,6,74,63
360086,neighbors_12_13,878,61,64,13,14,73,63
360106,neighbors_12_13,879,61,64,13,14,73,63
360126,neighbors_12_13,880,61,64,7,8,74,63
360146,neighbors_12_13,881,61,64,7,8,74,63
360166,neighbors_12_13,882,61,65,7,8,74,63
360186,neighbors_12_13,883,61,65,7,8,74,63
360206,neighbors_12_13,884,61,65,7,8,74,63
360226,neighbors_12_13,885,62,65,7,8,74,64
360246,neighbors_12_13,886,62,65,6,6,73,63
360266,neighbors_12_13,887,61,65,6,6,73,63
360286,neighbors_12_13,888,61,65,7,7,73,63
360306,neighbors_12_13,889,61,65,6,7,74,63
360326,neighbors_12_13,890,61,65,6,7,74,63
360346,neighbors_12_13,891,61,65,7,7,73,63
360366,neighbors_12_13,892,64,66,7,7,73,65
360386,neighbors_12_13,893,62,65,7,8,74,64
360406,neighbors_12_13,894,62,65,7,8,74,64
360426,neighbors_12_13,895,61,65,7,7,73,63
360446,neighbors_12_13,896,61,65,6,7,74,63
360466,neighbors_12_13,897,65,65,7,8,73,66
360486,neighbors_12_13,898,65,65,7,8,73,66
360506,neighbors_12_13,899,61,65,7,7,73,63
360526,neighbors_12_13,900,64,66,7,7,73,65
360546,neighbors_12_13,901,61,65,7,8,74,63
360566,neighbors_12_13,902,61,65,7,8,74,63
360586,neighbors_12_13,903,61,65,7,7,73,63
360606,neighbors_12_13,904,62,65,7,7,73,63
360626,neighbors_12_13,905,61,65,7,7,73,63
360646,neighbors_12_13,906,61,65,7,7,73,63
360666,neighbors_12_13,907,61,65,7,7,73,63
360686,neighbors_12_13,908,61,65,7,7,73,63
360706,neighbors_12_13,909,61,65,7,8,73,63
360726,neighbors_12_13,910,61,65,7,8,73,63
360746,neighbors_12_13,911,61,65,7,7,73,63
360766,neighbors_12_13,912,62,65,7,7,74,64
360786,neighbors_12_13,913,62,65,6,6,74,64
360806,neighbors_12_13,914,62,65,6,6,74,64
360826,neighbors_12_13,915,61,65,6,6,74,63
360846,neighbors_12_13,916,62,65,6,6,74,64
360866,neighbors_12_13,917,61,65,6,6,74,63
360886,neighbors_12_13,918,61,65,6,6,74,63
360906,neighbors_12_13,919,62,65,7,8,73,64
360926,neighbors_12_13,920,61,65,6,6,74,64
360946,neighbors_12_13,921,62,65,6,6,74,64
360966,neighbors_12_13,922,62,65,6,6,74,64
360986,neighbors_12_13,923,62,65,6,6,74,64
361006,neighbors_12_13,924,61,65,7,8,74,63
361026,neighbors_12_13,925,61,64,9,10,73,63
361046,neighbors_12_13,926,61,64,9,10,73,63
361066,neighbors_12_13,927,62,64,9,10,73,64
361086,neighbors_12_13,928,66,65,9,10,73,66
361106,neighbors_12_13,929,62,65,5,7,73,64
361126,neighbors_12_13,930,62,65,5,7,73,64
361146,neighbors_12_13,931,62,64,6,8,74,64
361166,neighbors_12_13,932,61,64,6,8,74,64
361186,neighbors_12_13,933,61,64,6,8,73,64
361206,neighbors_12_13,934,61,64,6,8,73,64
361226,neighbors_12_13,935,62,65,7,8,74,64
361246,neighbors_12_13,936,62,64,7,8,73,64
361266,neighbors_12_13,937,61,64,9,10,73,63
361286,neighbors_12_13,938,61,64,9,10,73,63
361306,neighbors_12_13,939,61,64,9,10,74,64
361326,neighbors_12_13,940,62,65,9,10,74,64
361346,neighbors_12_13,941,62,65,5,5,74,64
361366,neighbors_12_13,942,62,65,5,5,74,64
361386,neighbors_12_13,943,61,65,9,10,73,63
361406,neighbors_12_13,944,62,65,5,5,74,64
361426,neighbors_12_13,945,65,65,7,8,73,66
361446,neighbors_12_13,946,65,65,7,8,73,66
361466,neighbors_12_13,947,62,65,6,6,73,63
361486,neighbors_12_13,948,61,65,5,7,73,63
361506,neighbors_12_13,949,62,65,5,5,74,64
361526,neighbors_12_13,950,62,65,5,5,74,64
361546,neighbors_12_13,951,61,65,6,7,74,64
361566,neighbors_12_13,952,62,65,8,11,74,64
361586,neighbors_12_13,953,61,65,5,7,74,64
361606,neighbors_12_13,954,61,65,5,7,74,64
361626,neighbors_12_13,955,61,65,5,7,74,64
361646,neighbors_12_13,956,62,65,6,8,74,64
361666,neighbors_12_13,957,62,65,5,5,74,65
361686,neighbors_12_13,958,62,65,5,5,74,65
361706,neighbors_12_13,959,62,65,6,7,74,64
361726,neighbors_12_13,960,61,64,9,10,74,63
361746,neighbors_12_13,961,61,65,5,5,73,63
361766,neighbors_12_13,962,61,65,5,5,73,63
361786,neighbors_12_13,963,62,65,5,5,74,64
361806,neighbors_12_13,964,61,64,9,10,73,64
361826,neighbors_12_13,965,62,65,9,11,73,64
361846,neighbors_12_13,966,62,65,9,11,73,64
361866,neighbors_12_13,967,61,64,7,8,74,64
361886,neighbors_12_13,968,61,64,12,13,73,64
361906,neighbors_12_13,969,62,64,7,8,74,64
361926,neighbors_12_13,970,62,64,7,8,74,64
361946,neighbors_12_13,971,63,65,6,6,74,64
361966,neighbors_12_13,972,62,65,5,5,74,64
361986,neighbors_12_13,973,61,64,6,7,74,63
362006,neighbors_12_13,974,61,64,6,7,74,63
362026,neighbors_12_13,975,61,64,6,7,74,63
362046,neighbors_12_13,976,62,65,6,7,74,64
362066,neighbors_12_13,977,63,65,6,7,74,65
362086,neighbors_12_13,978,63,65,6,7,74,65
362106,neighbors_12_13,979,66,66,6,6,73,66
362126,neighbors_12_13,980,62,65,6,6,74,64
362146,neighbors_12_13,981,61,65,6,6,74,64
362166,neighbors_12_13,982,61,65,6,6,74,64
362186,neighbors_12_13,983,60,64,6,6,74,63
362206,neighbors_12_13,984,62,65,6,7,74,64
362226,neighbors_12_13,985,61,65,6,7,74,64
362246,neighbors_12_13,986,61,65,6,7,74,64
362266,neighbors_12_13,987,65,64,7,8,73,65
362286,neighbors_12_13,988,61,65,7,8,74,64
362306,neighbors_12_13,989,61,65,6,7,73,64
362326,neighbors_12_13,990,61,65,6,7,73,64
362346,neighbors_12_13,991,61,65,6,6,74,63
362366,neighbors_12_13,992,62,65,6,7,74,64
362386,neighbors_12_13,993,61,65,6,7,74,64
362406,neighbors_12_13,994,61,65,6,7,74,64
362426,neighbors_12_13,995,65,65,6,6,73,66
362446,neighbors_12_13,996,62,65,6,7,74,64
362466,neighbors_12_13,997,61,65,6,7,74,64
362486,neighbors_12_13,998,61,65,6,7,74,64
362506,neighbors_12_13,999,65,65,7,8,73,66
362526,neighbors_12_13,1000,65,65,7,8,73,66
362546,neighbors_12_13,1001,64,64,18,18,73,64
362566,neighbors_12_13,1002,64,64,18,18,73,64
362586,neighbors_12_13,1003,61,64,6,7,74,64
362606,neighbors_12_13,1004,66,65,8,9,73,66
362626,neighbors_12_13,1005,64,64,28,28,73,64
362646,neighbors_12_13,1006,64,64,28,28,73,64
362666,neighbors_12_13,1007,62,65,16,16,73,65
362686,neighbors_12_13,1008,65,65,32,32,73,65
362706,neighbors_12_13,1009,62,65,14,15,73,64
362726,neighbors_12_13,1010,62,65,14,15,73,64
362746,neighbors_12_13,1011,61,64,32,32,72,63
362766,neighbors_12_13,1012,64,65,32,32,73,65
362786,neighbors_12_13,1013,61,64,7,8,73,63
362806,neighbors_12_13,1014,61,64,7,8,73,63
362826,neighbors_12_13,1015,64,64,11,12,73,64
362846,neighbors_12_13,1016,61,64,16,17,73,64
362866,neighbors_12_13,1017,61,64,15,15,73,64
362886,neighbors_12_13,1018,61,64,15,15,73,64
362906,neighbors_12_13,1019,65,66,29,29,73,66
362926,neighbors_12_13,1020,65,64,7,7,73,65
362946,neighbors_12_13,1021,65,64,7,7,73,65
